query_id,provider,model,query,response,prompt_tokens,completion_tokens,latency,api_cost,quality
1,ollama,llama3.1,What were the total revenues for the most recent fiscal year?,"Unfortunately, the provided text does not directly state the total revenues for the most recent fiscal year (2025). However, it does provide a summary of consolidated financial results in millions for the three months ended March 31, 2024 and 2025. The relevant line from this table is:

Total amounts included in the Consolidated Statements of Income $ 90,234 $ 11,183

These are the total revenues for the three-month periods ending March 31, 2024 and 2025, respectively. To determine the annualized total revenue for 2025, we need to assume that this trend continues throughout the year.

Assuming a constant growth rate or no change in revenue from quarter to quarter, the annualized total revenue for 2025 would be $44,496 million (or approximately $44.5 billion).

Please note that this is an estimate and may not reflect the actual annualized total revenue for 2025, as quarterly revenue can fluctuate throughout the year due to various factors.",1067,208,78.68,0.008455,N/A
2,ollama,llama3.1,What are the primary risk factors mentioned by the company?,"The primary risk factors mentioned by the company are:

1. Ongoing developments surrounding international trade, which may affect their purchase commitments and other contractual obligations.
2. Risks related to their manufacturing and supply chain (as described in Part I, Item 1A of their Annual Report).
3. Potential exposure to new and pending investigations, proceedings, and other contingencies that could harm their business, financial condition, and operating results.

These risk factors are mentioned in the context of ""RISK FACTORS"" under ITEM 1A of the report.",1026,111,32.79,0.006795,N/A
3,ollama,llama3.1,Who is the Chief Executive Officer of the company?,"The Chief Operating Decision Maker (CODM) of Alphabet Inc. is referred to as the ""Chief Executive Officer"", but their name is not mentioned in the provided context.",1077,35,64.09,0.00591,N/A
4,ollama,llama3.1,Describe the company's main business segments.,"The company's main business segments are:

1. **Google Services**: This segment includes Google's advertising and other services, which generated revenues of $70,398 million in Q1 2024 and $77,264 million in Q1 2025.
2. **Google Cloud**: This segment includes Google's cloud-based solutions for enterprise customers, which generated revenues of $9,574 million in Q1 2024 and $12,260 million in Q1 2025.
3. **Other Bets**: This segment includes all non-Google businesses, which generated revenues of $495 million in Q1 2024 and $450 million in Q1 2025.

These three segments are the main business areas of Alphabet Inc., and their performance is reported separately in the company's financial statements.",1153,164,63.54,0.008225,N/A
5,ollama,llama3.1,What was the net income for the fiscal year?,"The question asks for the net income for the fiscal year. However, the provided context only includes data for the three months ended March 31, 2024 and March 31, 2025.

To answer the question accurately, I would need to refer to a different section of the report or provide further information that is not included in the given context.

However, since you mentioned the fiscal year ended December 31, 2024, I can infer that the net income for the fiscal year might be related to the Annual Report on Form 10-K. Unfortunately, the provided context only includes a reference to this report but does not include the actual data for the fiscal year.

If you provide more information or clarify where the question about the fiscal year's net income comes from, I can attempt to give a more accurate answer.",1289,168,62.58,0.008965,N/A
